Time, AUV_battery.SOC, V_charge, I_charge
2, 0.6500555276870728, 45.654541015625, 2.006054162979126